Year,Month,Anomaly
1901,01,-0.176
1901,02,-0.272
1901,03,-0.236
1901,04,-0.187
1901,05,-0.196
1901,06,-0.146
1901,07,-0.188
1901,08,-0.196
1901,09,-0.343
1901,10,-0.298
1901,11,-0.442
1901,12,-0.428
1902,01,-0.232
1902,02,-0.260
1902,03,-0.398
1902,04,-0.451
1902,05,-0.401
1902,06,-0.424
1902,07,-0.391
1902,08,-0.368
1902,09,-0.361
1902,10,-0.477
1902,11,-0.538
1902,12,-0.526
1903,01,-0.269
1903,02,-0.181
1903,03,-0.358
1903,04,-0.473
1903,05,-0.463
1903,06,-0.537
1903,07,-0.485
1903,08,-0.587
1903,09,-0.518
1903,10,-0.653
1903,11,-0.634
1903,12,-0.604
1904,01,-0.644
1904,02,-0.590
1904,03,-0.661
1904,04,-0.553
1904,05,-0.527
1904,06,-0.522
1904,07,-0.522
1904,08,-0.477
1904,09,-0.478
1904,10,-0.473
1904,11,-0.387
1904,12,-0.407
1905,01,-0.460
1905,02,-0.703
1905,03,-0.462
1905,04,-0.555
1905,05,-0.344
1905,06,-0.314
1905,07,-0.297
1905,08,-0.301
1905,09,-0.313
1905,10,-0.363
1905,11,-0.218
1905,12,-0.199
1906,01,-0.075
1906,02,-0.225
1906,03,-0.284
1906,04,-0.115
1906,05,-0.329
1906,06,-0.287
1906,07,-0.315
1906,08,-0.319
1906,09,-0.385
1906,10,-0.351
1906,11,-0.427
1906,12,-0.283
1907,01,-0.431
1907,02,-0.512
1907,03,-0.338
1907,04,-0.507
1907,05,-0.555
1907,06,-0.524
1907,07,-0.402
1907,08,-0.452
1907,09,-0.405
1907,10,-0.359
1907,11,-0.581
1907,12,-0.525
1908,01,-0.412
1908,02,-0.413
1908,03,-0.636
1908,04,-0.550
1908,05,-0.474
1908,06,-0.472
1908,07,-0.469
1908,08,-0.532
1908,09,-0.454
1908,10,-0.579
1908,11,-0.596
1908,12,-0.568
1909,01,-0.579
1909,02,-0.531
1909,03,-0.690
1909,04,-0.604
1909,05,-0.586
1909,06,-0.512
1909,07,-0.573
1909,08,-0.317
1909,09,-0.398
1909,10,-0.481
1909,11,-0.420
1909,12,-0.591
1910,01,-0.352
1910,02,-0.514
1910,03,-0.487
1910,04,-0.450
1910,05,-0.466
1910,06,-0.482
1910,07,-0.466
1910,08,-0.436
1910,09,-0.441
1910,10,-0.482
1910,11,-0.652
1910,12,-0.666
1911,01,-0.554
1911,02,-0.753
1911,03,-0.701
1911,04,-0.717
1911,05,-0.600
1911,06,-0.567
1911,07,-0.510
1911,08,-0.500
1911,09,-0.511
1911,10,-0.465
1911,11,-0.374
1911,12,-0.293
1912,01,-0.361
1912,02,-0.288
1912,03,-0.385
1912,04,-0.342
1912,05,-0.375
1912,06,-0.312
1912,07,-0.453
1912,08,-0.559
1912,09,-0.557
1912,10,-0.641
1912,11,-0.518
1912,12,-0.484
1913,01,-0.451
1913,02,-0.508
1913,03,-0.537
1913,04,-0.431
1913,05,-0.513
1913,06,-0.505
1913,07,-0.431
1913,08,-0.390
1913,09,-0.426
1913,10,-0.425
1913,11,-0.264
1913,12,-0.232
1914,01,-0.079
1914,02,-0.211
1914,03,-0.326
1914,04,-0.390
1914,05,-0.282
1914,06,-0.281
1914,07,-0.328
1914,08,-0.214
1914,09,-0.255
1914,10,-0.146
1914,11,-0.183
1914,12,-0.249
1915,01,-0.111
1915,02,-0.044
1915,03,-0.187
1915,04,-0.046
1915,05,-0.196
1915,06,-0.215
1915,07,-0.100
1915,08,-0.065
1915,09,-0.128
1915,10,-0.255
1915,11,-0.138
1915,12,-0.253
1916,01,-0.235
1916,02,-0.181
1916,03,-0.406
1916,04,-0.339
1916,05,-0.351
1916,06,-0.472
1916,07,-0.378
1916,08,-0.342
1916,09,-0.335
1916,10,-0.395
1916,11,-0.572
1916,12,-0.629
1917,01,-0.680
1917,02,-0.765
1917,03,-0.832
1917,04,-0.477
1917,05,-0.662
1917,06,-0.357
1917,07,-0.122
1917,08,-0.226
1917,09,-0.125
1917,10,-0.385
1917,11,-0.386
1917,12,-0.635
1918,01,-0.501
1918,02,-0.514
1918,03,-0.445
1918,04,-0.490
1918,05,-0.426
1918,06,-0.329
1918,07,-0.336
1918,08,-0.358
1918,09,-0.243
1918,10,-0.095
1918,11,-0.050
1918,12,-0.232
1919,01,-0.106
1919,02,-0.085
1919,03,-0.306
1919,04,-0.072
1919,05,-0.255
1919,06,-0.252
1919,07,-0.362
1919,08,-0.336
1919,09,-0.239
1919,10,-0.296
1919,11,-0.532
1919,12,-0.460
1920,01,-0.239
1920,02,-0.427
1920,03,-0.119
1920,04,-0.264
1920,05,-0.200
1920,06,-0.211
1920,07,-0.285
1920,08,-0.233
1920,09,-0.139
1920,10,-0.233
1920,11,-0.289
1920,12,-0.358
1921,01,-0.141
1921,02,-0.183
1921,03,-0.249
1921,04,-0.220
1921,05,-0.203
1921,06,-0.121
1921,07,-0.140
1921,08,-0.283
1921,09,-0.165
1921,10,-0.142
1921,11,-0.301
1921,12,-0.147
1922,01,-0.387
1922,02,-0.275
1922,03,-0.267
1922,04,-0.235
1922,05,-0.371
1922,06,-0.324
1922,07,-0.229
1922,08,-0.348
1922,09,-0.282
1922,10,-0.330
1922,11,-0.292
1922,12,-0.308
1923,01,-0.237
1923,02,-0.419
1923,03,-0.412
1923,04,-0.360
1923,05,-0.319
1923,06,-0.243
1923,07,-0.352
1923,08,-0.377
1923,09,-0.327
1923,10,-0.270
1923,11,-0.021
1923,12,-0.014
1924,01,-0.315
1924,02,-0.204
1924,03,-0.271
1924,04,-0.283
1924,05,-0.245
1924,06,-0.214
1924,07,-0.263
1924,08,-0.284
1924,09,-0.284
1924,10,-0.316
1924,11,-0.361
1924,12,-0.530
1925,01,-0.403
1925,02,-0.308
1925,03,-0.230
1925,04,-0.273
1925,05,-0.256
1925,06,-0.257
1925,07,-0.214
1925,08,-0.128
1925,09,-0.191
1925,10,-0.309
1925,11,-0.063
1925,12,0.001
1926,01,0.086
1926,02,-0.042
1926,03,-0.028
1926,04,-0.176
1926,05,-0.217
1926,06,-0.087
1926,07,-0.239
1926,08,-0.090
1926,09,-0.097
1926,10,-0.088
1926,11,-0.109
1926,12,-0.244
1927,01,-0.261
1927,02,-0.146
1927,03,-0.333
1927,04,-0.258
1927,05,-0.257
1927,06,-0.236
1927,07,-0.147
1927,08,-0.145
1927,09,-0.134
1927,10,-0.038
1927,11,-0.173
1927,12,-0.422
1928,01,-0.054
1928,02,-0.133
1928,03,-0.344
1928,04,-0.251
1928,05,-0.281
1928,06,-0.337
1928,07,-0.166
1928,08,-0.176
1928,09,-0.221
1928,10,-0.161
1928,11,-0.153
1928,12,-0.240
1929,01,-0.487
1929,02,-0.670
1929,03,-0.409
1929,04,-0.389
1929,05,-0.391
1929,06,-0.351
1929,07,-0.358
1929,08,-0.185
1929,09,-0.265
1929,10,-0.176
1929,11,-0.072
1929,12,-0.488
1930,01,-0.327
1930,02,-0.287
1930,03,-0.150
1930,04,-0.201
1930,05,-0.201
1930,06,-0.165
1930,07,-0.122
1930,08,-0.056
1930,09,-0.079
1930,10,-0.089
1930,11,0.078
1930,12,-0.079
1931,01,-0.007
1931,02,-0.162
1931,03,-0.123
1931,04,-0.182
1931,05,-0.166
1931,06,-0.040
1931,07,0.002
1931,08,-0.054
1931,09,-0.050
1931,10,-0.046
1931,11,-0.153
1931,12,-0.105
1932,01,0.157
1932,02,-0.196
1932,03,-0.243
1932,04,-0.069
1932,05,-0.169
1932,06,-0.191
1932,07,-0.128
1932,08,-0.197
1932,09,-0.039
1932,10,-0.176
1932,11,-0.235
1932,12,-0.194
1933,01,-0.295
1933,02,-0.324
1933,03,-0.348
1933,04,-0.222
1933,05,-0.213
1933,06,-0.261
1933,07,-0.185
1933,08,-0.179
1933,09,-0.235
1933,10,-0.204
1933,11,-0.316
1933,12,-0.531
1934,01,-0.225
1934,02,-0.165
1934,03,-0.396
1934,04,-0.250
1934,05,-0.082
1934,06,-0.043
1934,07,-0.068
1934,08,-0.058
1934,09,-0.101
1934,10,-0.091
1934,11,0.022
1934,12,-0.142
1935,01,-0.233
1935,02,0.101
1935,03,-0.230
1935,04,-0.273
1935,05,-0.245
1935,06,-0.188
1935,07,-0.142
1935,08,-0.154
1935,09,-0.141
1935,10,-0.075
1935,11,-0.308
1935,12,-0.274
1936,01,-0.310
1936,02,-0.365
1936,03,-0.310
1936,04,-0.213
1936,05,-0.160
1936,06,-0.161
1936,07,-0.021
1936,08,-0.045
1936,09,-0.108
1936,10,-0.006
1936,11,-0.071
1936,12,-0.014
1937,01,-0.134
1937,02,0.039
1937,03,-0.279
1937,04,-0.135
1937,05,-0.083
1937,06,-0.006
1937,07,0.055
1937,08,0.085
1937,09,0.115
1937,10,0.120
1937,11,0.002
1937,12,-0.113
1938,01,0.013
1938,02,0.017
1938,03,0.057
1938,04,0.077
1938,05,-0.092
1938,06,-0.059
1938,07,-0.044
1938,08,0.015
1938,09,0.056
1938,10,0.141
1938,11,0.021
1938,12,-0.296
1939,01,-0.068
1939,02,-0.045
1939,03,-0.271
1939,04,-0.106
1939,05,-0.031
1939,06,0.062
1939,07,0.047
1939,08,0.036
1939,09,-0.081
1939,10,-0.278
1939,11,-0.129
1939,12,0.229
1940,01,-0.192
1940,02,-0.043
1940,03,-0.119
1940,04,0.047
1940,05,0.019
1940,06,0.034
1940,07,0.145
1940,08,0.043
1940,09,0.122
1940,10,0.011
1940,11,-0.067
1940,12,0.161
1941,01,-0.092
1941,02,-0.017
1941,03,-0.136
1941,04,0.019
1941,05,-0.022
1941,06,0.119
1941,07,0.122
1941,08,0.024
1941,09,-0.135
1941,10,0.216
1941,11,0.051
1941,12,0.095
1942,01,0.206
1942,02,-0.088
1942,03,-0.090
1942,04,-0.065
1942,05,-0.019
1942,06,0.034
1942,07,-0.081
1942,08,-0.067
1942,09,0.002
1942,10,-0.084
1942,11,-0.066
1942,12,0.000
1943,01,-0.214
1943,02,0.068
1943,03,-0.204
1943,04,-0.003
1943,05,-0.018
1943,06,-0.096
1943,07,0.003
1943,08,-0.009
1943,09,-0.025
1943,10,0.229
1943,11,0.014
1943,12,0.191
1944,01,0.281
1944,02,0.125
1944,03,0.135
1944,04,0.046
1944,05,0.057
1944,06,0.152
1944,07,0.220
1944,08,0.236
1944,09,0.293
1944,10,0.209
1944,11,0.007
1944,12,-0.034
1945,01,-0.010
1945,02,-0.103
1945,03,-0.048
1945,04,0.168
1945,05,-0.108
1945,06,-0.003
1945,07,-0.084
1945,08,0.364
1945,09,0.161
1945,10,0.173
1945,11,-0.012
1945,12,-0.202
1946,01,0.096
1946,02,0.039
1946,03,-0.062
1946,04,0.139
1946,05,-0.110
1946,06,-0.255
1946,07,-0.043
1946,08,-0.147
1946,09,-0.015
1946,10,-0.052
1946,11,-0.094
1946,12,-0.361
1947,01,-0.113
1947,02,-0.174
1947,03,-0.064
1947,04,0.089
1947,05,-0.057
1947,06,0.004
1947,07,-0.003
1947,08,-0.040
1947,09,-0.068
1947,10,0.068
1947,11,0.047
1947,12,-0.175
1948,01,0.089
1948,02,-0.123
1948,03,-0.178
1948,04,-0.045
1948,05,0.101
1948,06,0.069
1948,07,-0.104
1948,08,-0.003
1948,09,-0.056
1948,10,0.022
1948,11,-0.059
1948,12,-0.198
1949,01,0.149
1949,02,-0.144
1949,03,-0.175
1949,04,0.004
1949,05,-0.053
1949,06,-0.184
1949,07,-0.099
1949,08,-0.042
1949,09,-0.079
1949,10,-0.034
1949,11,-0.081
1949,12,-0.190
1950,01,-0.318
1950,02,-0.250
1950,03,-0.181
1950,04,-0.173
1950,05,-0.094
1950,06,-0.076
1950,07,-0.044
1950,08,-0.120
1950,09,-0.106
1950,10,-0.129
1950,11,-0.391
1950,12,-0.250
1951,01,-0.354
1951,02,-0.461
1951,03,-0.293
1951,04,-0.108
1951,05,-0.015
1951,06,0.033
1951,07,0.041
1951,08,0.135
1951,09,0.091
1951,10,0.135
1951,11,-0.035
1951,12,0.180
1952,01,0.184
1952,02,0.130
1952,03,-0.131
1952,04,0.053
1952,05,0.036
1952,06,0.039
1952,07,0.100
1952,08,0.093
1952,09,0.100
1952,10,-0.007
1952,11,-0.186
1952,12,-0.062
1953,01,0.064
1953,02,0.147
1953,03,0.126
1953,04,0.191
1953,05,0.138
1953,06,0.167
1953,07,0.048
1953,08,0.099
1953,09,0.077
1953,10,0.073
1953,11,-0.067
1953,12,0.091
1954,01,-0.237
1954,02,-0.086
1954,03,-0.153
1954,04,-0.145
1954,05,-0.205
1954,06,-0.126
1954,07,-0.199
1954,08,-0.093
1954,09,-0.086
1954,10,-0.030
1954,11,0.022
1954,12,-0.232
1955,01,0.124
1955,02,-0.168
1955,03,-0.405
1955,04,-0.246
1955,05,-0.232
1955,06,-0.163
1955,07,-0.199
1955,08,-0.062
1955,09,-0.114
1955,10,-0.166
1955,11,-0.316
1955,12,-0.337
1956,01,-0.247
1956,02,-0.346
1956,03,-0.315
1956,04,-0.335
1956,05,-0.280
1956,06,-0.230
1956,07,-0.206
1956,08,-0.250
1956,09,-0.283
1956,10,-0.233
1956,11,-0.262
1956,12,-0.209
1957,01,-0.167
1957,02,-0.131
1957,03,-0.188
1957,04,-0.064
1957,05,0.049
1957,06,0.082
1957,07,-0.000
1957,08,0.093
1957,09,0.037
1957,10,-0.015
1957,11,0.055
1957,12,0.151
1958,01,0.267
1958,02,0.184
1958,03,0.001
1958,04,0.035
1958,05,0.032
1958,06,-0.015
1958,07,0.041
1958,08,0.004
1958,09,-0.053
1958,10,0.014
1958,11,0.011
1958,12,0.030
1959,01,0.087
1959,02,0.033
1959,03,0.079
1959,04,0.046
1959,05,-0.010
1959,06,0.062
1959,07,0.030
1959,08,0.047
1959,09,0.041
1959,10,-0.034
1959,11,-0.111
1959,12,-0.069
1960,01,-0.032
1960,02,0.104
1960,03,-0.314
1960,04,-0.176
1960,05,-0.156
1960,06,-0.030
1960,07,-0.028
1960,08,0.008
1960,09,0.064
1960,10,-0.027
1960,11,-0.149
1960,12,0.146
1961,01,0.045
1961,02,0.177
1961,03,0.093
1961,04,0.096
1961,05,0.092
1961,06,0.111
1961,07,0.019
1961,08,0.033
1961,09,-0.029
1961,10,-0.033
1961,11,-0.018
1961,12,-0.117
1962,01,0.053
1962,02,0.135
1962,03,0.028
1962,04,0.024
1962,05,-0.047
1962,06,-0.052
1962,07,0.018
1962,08,-0.005
1962,09,-0.017
1962,10,0.042
1962,11,0.010
1962,12,-0.012
1963,01,-0.045
1963,02,0.148
1963,03,-0.147
1963,04,-0.069
1963,05,-0.022
1963,06,-0.033
1963,07,0.111
1963,08,0.126
1963,09,0.127
1963,10,0.225
1963,11,0.164
1963,12,-0.006
1964,01,-0.053
1964,02,-0.127
1964,03,-0.278
1964,04,-0.246
1964,05,-0.177
1964,06,-0.161
1964,07,-0.172
1964,08,-0.256
1964,09,-0.282
1964,10,-0.267
1964,11,-0.295
1964,12,-0.353
1965,01,-0.106
1965,02,-0.249
1965,03,-0.218
1965,04,-0.255
1965,05,-0.162
1965,06,-0.110
1965,07,-0.183
1965,08,-0.106
1965,09,-0.088
1965,10,-0.024
1965,11,-0.130
1965,12,-0.065
1966,01,-0.094
1966,02,-0.093
1966,03,-0.067
1966,04,-0.105
1966,05,-0.138
1966,06,0.038
1966,07,0.030
1966,08,-0.017
1966,09,-0.038
1966,10,-0.104
1966,11,-0.095
1966,12,-0.140
1967,01,-0.172
1967,02,-0.237
1967,03,-0.050
1967,04,-0.063
1967,05,0.076
1967,06,-0.081
1967,07,-0.063
1967,08,-0.061
1967,09,-0.093
1967,10,0.062
1967,11,-0.059
1967,12,-0.147
1968,01,-0.241
1968,02,-0.212
1968,03,0.036
1968,04,-0.169
1968,05,-0.218
1968,06,-0.107
1968,07,-0.102
1968,08,-0.059
1968,09,-0.086
1968,10,-0.021
1968,11,-0.071
1968,12,-0.110
1969,01,-0.172
1969,02,-0.168
1969,03,-0.005
1969,04,0.106
1969,05,0.132
1969,06,0.025
1969,07,0.038
1969,08,0.054
1969,09,0.019
1969,10,0.031
1969,11,0.131
1969,12,0.194
1970,01,0.070
1970,02,0.144
1970,03,-0.069
1970,04,0.056
1970,05,-0.036
1970,06,-0.015
1970,07,-0.050
1970,08,-0.093
1970,09,-0.040
1970,10,-0.075
1970,11,-0.050
1970,12,-0.166
1971,01,-0.102
1971,02,-0.289
1971,03,-0.282
1971,04,-0.237
1971,05,-0.214
1971,06,-0.235
1971,07,-0.130
1971,08,-0.168
1971,09,-0.124
1971,10,-0.165
1971,11,-0.086
1971,12,-0.199
1972,01,-0.379
1972,02,-0.291
1972,03,-0.132
1972,04,-0.077
1972,05,-0.065
1972,06,0.008
1972,07,-0.017
1972,08,0.016
1972,09,-0.053
1972,10,0.007
1972,11,0.002
1972,12,0.187
1973,01,0.147
1973,02,0.278
1973,03,0.226
1973,04,0.162
1973,05,0.085
1973,06,0.110
1973,07,0.026
1973,08,0.017
1973,09,-0.042
1973,10,-0.047
1973,11,-0.099
1973,12,-0.113
1974,01,-0.372
1974,02,-0.410
1974,03,-0.229
1974,04,-0.180
1974,05,-0.196
1974,06,-0.153
1974,07,-0.127
1974,08,-0.083
1974,09,-0.129
1974,10,-0.220
1974,11,-0.217
1974,12,-0.242
1975,01,-0.075
1975,02,-0.093
1975,03,-0.077
1975,04,-0.090
1975,05,-0.086
1975,06,-0.086
1975,07,-0.110
1975,08,-0.180
1975,09,-0.126
1975,10,-0.234
1975,11,-0.319
1975,12,-0.309
1976,01,-0.233
1976,02,-0.329
1976,03,-0.445
1976,04,-0.195
1976,05,-0.317
1976,06,-0.250
1976,07,-0.182
1976,08,-0.202
1976,09,-0.162
1976,10,-0.316
1976,11,-0.180
1976,12,-0.087
1977,01,-0.074
1977,02,0.077
1977,03,0.102
1977,04,0.094
1977,05,0.072
1977,06,0.112
1977,07,0.065
1977,08,-0.001
1977,09,0.033
1977,10,-0.005
1977,11,0.141
1977,12,-0.051
1978,01,0.017
1978,02,-0.035
1978,03,0.028
1978,04,-0.061
1978,05,-0.085
1978,06,-0.135
1978,07,-0.066
1978,08,-0.185
1978,09,-0.054
1978,10,-0.112
1978,11,0.046
1978,12,-0.098
1979,01,-0.029
1979,02,-0.138
1979,03,0.016
1979,04,-0.050
1979,05,-0.033
1979,06,0.058
1979,07,0.054
1979,08,0.083
1979,09,0.092
1979,10,0.135
1979,11,0.146
1979,12,0.355
1980,01,0.134
1980,02,0.217
1980,03,0.069
1980,04,0.144
1980,05,0.142
1980,06,0.070
1980,07,0.061
1980,08,0.038
1980,09,0.039
1980,10,0.011
1980,11,0.129
1980,12,0.055
1981,01,0.329
1981,02,0.197
1981,03,0.208
1981,04,0.131
1981,05,0.066
1981,06,0.125
1981,07,0.089
1981,08,0.121
1981,09,0.072
1981,10,0.004
1981,11,0.072
1981,12,0.265
1982,01,-0.045
1982,02,0.006
1982,03,-0.129
1982,04,0.029
1982,05,0.040
1982,06,-0.055
1982,07,-0.016
1982,08,-0.009
1982,09,0.075
1982,10,0.006
1982,11,-0.009
1982,12,0.250
1983,01,0.428
1983,02,0.313
1983,03,0.213
1983,04,0.120
1983,05,0.137
1983,06,0.134
1983,07,0.152
1983,08,0.200
1983,09,0.188
1983,10,0.099
1983,11,0.256
1983,12,0.089
1984,01,0.118
1984,02,0.013
1984,03,0.049
1984,04,-0.046
1984,05,0.092
1984,06,-0.015
1984,07,-0.037
1984,08,0.041
1984,09,0.033
1984,10,-0.022
1984,11,-0.121
1984,12,-0.274
1985,01,0.011
1985,02,-0.133
1985,03,-0.026
1985,04,-0.040
1985,05,-0.003
1985,06,-0.061
1985,07,-0.060
1985,08,0.026
1985,09,-0.032
1985,10,0.018
1985,11,-0.072
1985,12,0.014
1986,01,0.124
1986,02,0.090
1986,03,0.075
1986,04,0.078
1986,05,0.045
1986,06,0.049
1986,07,-0.002
1986,08,0.002
1986,09,0.011
1986,10,0.066
1986,11,-0.007
1986,12,0.010
1987,01,0.112
1987,02,0.302
1987,03,0.022
1987,04,0.095
1987,05,0.148
1987,06,0.127
1987,07,0.269
1987,08,0.237
1987,09,0.274
1987,10,0.204
1987,11,0.197
1987,12,0.322
1988,01,0.388
1988,02,0.233
1988,03,0.262
1988,04,0.225
1988,05,0.211
1988,06,0.221
1988,07,0.173
1988,08,0.176
1988,09,0.183
1988,10,0.139
1988,11,0.027
1988,12,0.146
1989,01,0.012
1989,02,0.149
1989,03,0.136
1989,04,0.081
1989,05,0.079
1989,06,0.074
1989,07,0.156
1989,08,0.177
1989,09,0.142
1989,10,0.151
1989,11,0.060
1989,12,0.201
1990,01,0.217
1990,02,0.307
1990,03,0.562
1990,04,0.366
1990,05,0.278
1990,06,0.277
1990,07,0.231
1990,08,0.250
1990,09,0.178
1990,10,0.332
1990,11,0.318
1990,12,0.248
1991,01,0.288
1991,02,0.298
1991,03,0.198
1991,04,0.383
1991,05,0.303
1991,06,0.306
1991,07,0.307
1991,08,0.258
1991,09,0.243
1991,10,0.191
1991,11,0.160
1991,12,0.120
1992,01,0.367
1992,02,0.319
1992,03,0.258
1992,04,0.137
1992,05,0.173
1992,06,0.130
1992,07,-0.016
1992,08,0.007
1992,09,-0.064
1992,10,-0.048
1992,11,-0.084
1992,12,0.082
1993,01,0.307
1993,02,0.253
1993,03,0.239
1993,04,0.131
1993,05,0.178
1993,06,0.179
1993,07,0.131
1993,08,0.097
1993,09,0.070
1993,10,0.109
1993,11,-0.036
1993,12,0.129
1994,01,0.182
1994,02,-0.048
1994,03,0.222
1994,04,0.210
1994,05,0.268
1994,06,0.262
1994,07,0.170
1994,08,0.186
1994,09,0.190
1994,10,0.311
1994,11,0.314
1994,12,0.246
1995,01,0.421
1995,02,0.601
1995,03,0.322
1995,04,0.285
1995,05,0.218
1995,06,0.312
1995,07,0.331
1995,08,0.357
1995,09,0.263
1995,10,0.336
1995,11,0.324
1995,12,0.132
1996,01,0.116
1996,02,0.323
1996,03,0.186
1996,04,0.130
1996,05,0.224
1996,06,0.168
1996,07,0.221
1996,08,0.207
1996,09,0.104
1996,10,0.132
1996,11,0.146
1996,12,0.232
1997,01,0.211
1997,02,0.313
1997,03,0.344
1997,04,0.266
1997,05,0.286
1997,06,0.411
1997,07,0.373
1997,08,0.440
1997,09,0.479
1997,10,0.558
1997,11,0.501
1997,12,0.503
1998,01,0.489
1998,02,0.763
1998,03,0.549
1998,04,0.650
1998,05,0.582
1998,06,0.591
1998,07,0.673
1998,08,0.605
1998,09,0.400
1998,10,0.407
1998,11,0.298
1998,12,0.472
1999,01,0.347
1999,02,0.583
1999,03,0.226
1999,04,0.324
1999,05,0.245
1999,06,0.273
1999,07,0.288
1999,08,0.228
1999,09,0.305
1999,10,0.253
1999,11,0.241
1999,12,0.370
2000,01,0.224
2000,02,0.449
2000,03,0.382
2000,04,0.479
2000,05,0.279
2000,06,0.270
2000,07,0.261
2000,08,0.353
2000,09,0.312
2000,10,0.225
2000,11,0.160
2000,12,0.157
2001,01,0.357
2001,02,0.319
2001,03,0.510
2001,04,0.462
2001,05,0.418
2001,06,0.419
2001,07,0.464
2001,08,0.505
2001,09,0.431
2001,10,0.421
2001,11,0.613
2001,12,0.383
2002,01,0.654
2002,02,0.703
2002,03,0.701
2002,04,0.460
2002,05,0.427
2002,06,0.471
2002,07,0.491
2002,08,0.453
2002,09,0.424
2002,10,0.411
2002,11,0.450
2002,12,0.325
2003,01,0.600
2003,02,0.459
2003,03,0.450
2003,04,0.437
2003,05,0.473
2003,06,0.454
2003,07,0.475
2003,08,0.549
2003,09,0.536
2003,10,0.612
2003,11,0.457
2003,12,0.589
2004,01,0.507
2004,02,0.613
2004,03,0.532
2004,04,0.477
2004,05,0.311
2004,06,0.322
2004,07,0.359
2004,08,0.394
2004,09,0.438
2004,10,0.464
2004,11,0.604
2004,12,0.355
2005,01,0.549
2005,02,0.396
2005,03,0.565
2005,04,0.611
2005,05,0.518
2005,06,0.552
2005,07,0.547
2005,08,0.538
2005,09,0.574
2005,10,0.614
2005,11,0.627
2005,12,0.462
2006,01,0.383
2006,02,0.571
2006,03,0.461
2006,04,0.407
2006,05,0.405
2006,06,0.518
2006,07,0.486
2006,08,0.535
2006,09,0.503
2006,10,0.569
2006,11,0.540
2006,12,0.691
2007,01,0.828
2007,02,0.567
2007,03,0.517
2007,04,0.587
2007,05,0.448
2007,06,0.420
2007,07,0.439
2007,08,0.440
2007,09,0.455
2007,10,0.467
2007,11,0.391
2007,12,0.341
2008,01,0.158
2008,02,0.235
2008,03,0.559
2008,04,0.327
2008,05,0.340
2008,06,0.365
2008,07,0.451
2008,08,0.432
2008,09,0.407
2008,10,0.546
2008,11,0.526
2008,12,0.395
2009,01,0.478
2009,02,0.443
2009,03,0.404
2009,04,0.511
2009,05,0.441
2009,06,0.546
2009,07,0.536
2009,08,0.586
2009,09,0.567
2009,10,0.516
2009,11,0.550
2009,12,0.484
2010,01,0.560
2010,02,0.592
2010,03,0.682
2010,04,0.689
2010,05,0.592
2010,06,0.585
2010,07,0.615
2010,08,0.539
2010,09,0.448
2010,10,0.497
2010,11,0.592
2010,12,0.334
2011,01,0.315
2011,02,0.324
2011,03,0.420
2011,04,0.491
2011,05,0.393
2011,06,0.494
2011,07,0.511
2011,08,0.491
2011,09,0.446
2011,10,0.458
2011,11,0.353
2011,12,0.402
2012,01,0.310
2012,02,0.301
2012,03,0.360
2012,04,0.574
2012,05,0.573
2012,06,0.556
2012,07,0.507
2012,08,0.536
2012,09,0.556
2012,10,0.556
2012,11,0.550
2012,12,0.271
2013,01,0.471
2013,02,0.498
2013,03,0.421
2013,04,0.450
2013,05,0.525
2013,06,0.501
2013,07,0.518
2013,08,0.541
2013,09,0.546
2013,10,0.516
2013,11,0.660
2013,12,0.532
2014,01,0.534
2014,02,0.327
2014,03,0.584
2014,04,0.667
2014,05,0.608
2014,06,0.625
2014,07,0.544
2014,08,0.677
2014,09,0.601
2014,10,0.635
2014,11,0.504
2014,12,0.655
2015,01,0.705
2015,02,0.689
2015,03,0.708
2015,04,0.673
2015,05,0.711
2015,06,0.743
2015,07,0.697
2015,08,0.740
2015,09,0.796
2015,10,0.845
2015,11,0.840
2015,12,1.024
2016,01,0.934
2016,02,1.111
2016,03,1.106
2016,04,0.937
2016,05,0.707
2016,06,0.744
2016,07,0.744
2016,08,0.790
2016,09,0.729
2016,10,0.598
2016,11,0.553
2016,12,0.620
2017,01,0.739
2017,02,0.845
2017,03,0.873
2017,04,0.737
2017,05,0.659
2017,06,0.641
2017,07,0.651
2017,08,0.714
2017,09,0.557
2017,10,0.571
2017,11,0.554
2017,12,0.600
2018,01,0.554
2018,02,0.528
2018,03,0.615
2018,04,0.627
2018,05,0.587
2018,06,0.573
2018,07,0.594
2018,08,0.586
2018,09,0.598
2018,10,0.678
2018,11,0.590
2018,12,0.638
2019,01,0.738
2019,02,0.662
2019,03,0.874
2019,04,0.780
2019,05,0.610
2019,06,0.708
2019,07,0.706
2019,08,0.719
2019,09,0.713
2019,10,0.752
2019,11,0.693
2019,12,0.880
2020,01,0.982
2020,02,1.001
2020,03,1.017
2020,04,0.800
2020,05,0.714
2020,06,0.682
2020,07,0.695
2020,08,0.735
2020,09,0.714
2020,10,0.617
2020,11,0.761
2020,12,0.516
2021,1,0.78
2021,2,0.874
2021,3,0.9
2021,4,0.814
2021,5,0.855
2021,6,0.833
2021,7,0.766
2021,8,0.743
2021,9,0.771
2021,10,0.761
2021,11,0.701
2021,12,0.726
2022,1,0.738
2022,2,0.866
2022,3,0.874
2022,4,0.901
2022,5,0.855
2022,6,0.863
2022,7,0.814
2022,8,0.753
2022,9,0.735
2022,10,0.685
2022,11,0.758
2022,12,0.93
2023,1,0.83
2023,2,0.908
2023,3,0.88
2023,4,0.911
2023,5,0.938
2023,6,0.816
2023,7,0.857
2023,8,0.839
2023,9,0.716
2023,10,0.688
2023,11,0.794
2023,12,0.756
2024,1,0.866
2024,2,0.847
2024,3,0.882
2024,4,0.826
2024,5,0.891
2024,6,0.939
2024,7,0.843
2024,8,0.807
2024,9,0.708
2024,10,0.757
2024,11,0.784
2024,12,0.801
2025,1,0.83
2025,2,0.982
2025,3,0.931
2025,4,0.924
2025,5,0.855
2025,6,0.752
2025,7,0.828
2025,8,0.841
2025,9,0.706
2025,10,0.665
2025,11,0.814
2025,12,0.872
2026,1,0.938
2026,2,1.012
2026,3,0.984
2026,4,1.083
2026,5,0.989
2026,6,0.888
2026,7,0.889
2026,8,0.809
2026,9,0.843
2026,10,0.804
2026,11,0.821
2026,12,0.807
2027,1,1.038
2027,2,1.008
2027,3,1.001
2027,4,0.949
2027,5,1.007
2027,6,0.939
2027,7,0.968
2027,8,0.869
2027,9,0.785
2027,10,0.804
2027,11,0.749
2027,12,0.836
2028,1,0.925
2028,2,0.94
2028,3,1.041
2028,4,1.004
2028,5,1.032
2028,6,0.986
2028,7,0.967
2028,8,0.88
2028,9,0.76
2028,10,0.867
2028,11,0.78
2028,12,0.899
2029,1,0.989
2029,2,1.04
2029,3,1.087
2029,4,1.04
2029,5,0.941
2029,6,1.034
2029,7,0.969
2029,8,0.956
2029,9,0.923
2029,10,0.821
2029,11,0.834
2029,12,0.864
2030,1,0.967
2030,2,0.989
2030,3,1.067
2030,4,1.075
2030,5,1.121
2030,6,1.038
2030,7,0.995
2030,8,0.952
2030,9,0.971
2030,10,0.878
2030,11,0.87
2030,12,0.977
2031,1,0.887
2031,2,1.103
2031,3,1.042
2031,4,1.017
2031,5,0.943
2031,6,0.995
2031,7,1.033
2031,8,0.893
2031,9,0.921
2031,10,0.849
2031,11,0.841
2031,12,0.984
2032,1,1.04
2032,2,1.017
2032,3,1.084
2032,4,1.125
2032,5,1.078
2032,6,1.15
2032,7,1.022
2032,8,0.865
2032,9,0.947
2032,10,0.875
2032,11,0.965
2032,12,1.031
2033,1,1.17
2033,2,0.945
2033,3,1.103
2033,4,1.188
2033,5,1.061
2033,6,1.119
2033,7,1.077
2033,8,0.967
2033,9,0.96
2033,10,0.89
2033,11,0.983
2033,12,1.003
2034,1,1.075
2034,2,0.988
2034,3,1.093
2034,4,1.192
2034,5,1.12
2034,6,1.155
2034,7,1.043
2034,8,0.976
2034,9,0.971
2034,10,0.914
2034,11,0.935
2034,12,1.008
2035,1,1.146
2035,2,1.14
2035,3,1.176
2035,4,1.103
2035,5,1.138
2035,6,1.185
2035,7,1.117
2035,8,1.055
2035,9,1.072
2035,10,0.898
2035,11,1.072
2035,12,1.055
2036,1,1.045
2036,2,1.113
2036,3,1.184
2036,4,1.162
2036,5,1.203
2036,6,1.261
2036,7,1.094
2036,8,0.996
2036,9,1.026
2036,10,0.996
2036,11,1.009
2036,12,1.012
2037,1,1.093
2037,2,1.203
2037,3,1.22
2037,4,1.167
2037,5,1.242
2037,6,1.213
2037,7,1.125
2037,8,1.003
2037,9,1.011
2037,10,1.045
2037,11,1.059
2037,12,1.04
2038,1,1.122
2038,2,1.239
2038,3,1.284
2038,4,1.145
2038,5,1.193
2038,6,1.22
2038,7,1.156
2038,8,1.079
2038,9,1.095
2038,10,0.946
2038,11,1.071
2038,12,1.135
2039,1,1.169
2039,2,1.159
2039,3,1.251
2039,4,1.207
2039,5,1.22
2039,6,1.121
2039,7,1.274
2039,8,1.147
2039,9,1.086
2039,10,1.013
2039,11,0.935
2039,12,1.11
2040,1,1.269
2040,2,1.159
2040,3,1.296
2040,4,1.267
2040,5,1.257
2040,6,1.199
2040,7,1.229
2040,8,1.139
2040,9,1.042
2040,10,1.029
2040,11,1.083
2040,12,1.143
2041,1,1.198
2041,2,1.248
2041,3,1.251
2041,4,1.294
2041,5,1.258
2041,6,1.283
2041,7,1.269
2041,8,1.18
2041,9,1.111
2041,10,1.153
2041,11,1.059
2041,12,1.189
2042,1,1.254
2042,2,1.15
2042,3,1.3
2042,4,1.36
2042,5,1.35
2042,6,1.321
2042,7,1.18
2042,8,1.161
2042,9,1.189
2042,10,1.041
2042,11,1.064
2042,12,1.177
2043,1,1.205
2043,2,1.287
2043,3,1.405
2043,4,1.393
2043,5,1.249
2043,6,1.31
2043,7,1.176
2043,8,1.211
2043,9,1.129
2043,10,1.156
2043,11,1.207
2043,12,1.259
2044,1,1.215
2044,2,1.278
2044,3,1.351
2044,4,1.309
2044,5,1.264
2044,6,1.277
2044,7,1.184
2044,8,1.184
2044,9,1.217
2044,10,1.129
2044,11,1.18
2044,12,1.133
2045,1,1.242
2045,2,1.318
2045,3,1.297
2045,4,1.401
2045,5,1.248
2045,6,1.373
2045,7,1.247
2045,8,1.121
2045,9,1.263
2045,10,1.207
2045,11,1.16
2045,12,1.235
2046,1,1.317
2046,2,1.394
2046,3,1.367
2046,4,1.328
2046,5,1.364
2046,6,1.24
2046,7,1.275
2046,8,1.14
2046,9,1.216
2046,10,1.178
2046,11,1.244
2046,12,1.309
2047,1,1.358
2047,2,1.426
2047,3,1.401
2047,4,1.432
2047,5,1.333
2047,6,1.418
2047,7,1.313
2047,8,1.22
2047,9,1.249
2047,10,1.234
2047,11,1.238
2047,12,1.205
2048,1,1.301
2048,2,1.364
2048,3,1.406
2048,4,1.37
2048,5,1.449
2048,6,1.33
2048,7,1.429
2048,8,1.239
2048,9,1.175
2048,10,1.377
2048,11,1.115
2048,12,1.245
2049,1,1.364
2049,2,1.427
2049,3,1.416
2049,4,1.344
2049,5,1.475
2049,6,1.418
2049,7,1.372
2049,8,1.194
2049,9,1.311
2049,10,1.166
2049,11,1.37
2049,12,1.264
2050,1,1.329
2050,2,1.498
2050,3,1.465
2050,4,1.511
2050,5,1.484
2050,6,1.381
2050,7,1.261
2050,8,1.26
2050,9,1.281
2050,10,1.339
2050,11,1.234
2050,12,1.229
2051,1,1.435
2051,2,1.384
2051,3,1.489
2051,4,1.479
2051,5,1.54
2051,6,1.357
2051,7,1.362
2051,8,1.306
2051,9,1.315
2051,10,1.197
2051,11,1.242
2051,12,1.306
2052,1,1.329
2052,2,1.413
2052,3,1.523
2052,4,1.583
2052,5,1.491
2052,6,1.426
2052,7,1.457
2052,8,1.296
2052,9,1.329
2052,10,1.313
2052,11,1.223
2052,12,1.382
2053,1,1.447
2053,2,1.446
2053,3,1.547
2053,4,1.66
2053,5,1.468
2053,6,1.463
2053,7,1.484
2053,8,1.336
2053,9,1.362
2053,10,1.394
2053,11,1.332
2053,12,1.409
2054,1,1.495
2054,2,1.41
2054,3,1.535
2054,4,1.599
2054,5,1.673
2054,6,1.491
2054,7,1.544
2054,8,1.471
2054,9,1.437
2054,10,1.353
2054,11,1.352
2054,12,1.423
2055,1,1.484
2055,2,1.545
2055,3,1.567
2055,4,1.478
2055,5,1.666
2055,6,1.59
2055,7,1.45
2055,8,1.307
2055,9,1.393
2055,10,1.397
2055,11,1.437
2055,12,1.418
2056,1,1.537
2056,2,1.566
2056,3,1.689
2056,4,1.577
2056,5,1.559
2056,6,1.536
2056,7,1.389
2056,8,1.375
2056,9,1.41
2056,10,1.347
2056,11,1.454
2056,12,1.415
2057,1,1.489
2057,2,1.524
2057,3,1.602
2057,4,1.657
2057,5,1.645
2057,6,1.619
2057,7,1.53
2057,8,1.372
2057,9,1.428
2057,10,1.396
2057,11,1.411
2057,12,1.464
2058,1,1.57
2058,2,1.654
2058,3,1.622
2058,4,1.61
2058,5,1.688
2058,6,1.643
2058,7,1.546
2058,8,1.425
2058,9,1.493
2058,10,1.527
2058,11,1.353
2058,12,1.499
2059,1,1.617
2059,2,1.697
2059,3,1.65
2059,4,1.668
2059,5,1.632
2059,6,1.524
2059,7,1.57
2059,8,1.536
2059,9,1.512
2059,10,1.35
2059,11,1.483
2059,12,1.533
2060,1,1.622
2060,2,1.565
2060,3,1.634
2060,4,1.63
2060,5,1.698
2060,6,1.656
2060,7,1.587
2060,8,1.489
2060,9,1.518
2060,10,1.538
2060,11,1.457
2060,12,1.468
2061,1,1.602
2061,2,1.688
2061,3,1.744
2061,4,1.7
2061,5,1.788
2061,6,1.62
2061,7,1.557
2061,8,1.573
2061,9,1.477
2061,10,1.572
2061,11,1.569
2061,12,1.501
2062,1,1.666
2062,2,1.719
2062,3,1.629
2062,4,1.688
2062,5,1.703
2062,6,1.627
2062,7,1.627
2062,8,1.642
2062,9,1.494
2062,10,1.555
2062,11,1.577
2062,12,1.553
2063,1,1.57
2063,2,1.698
2063,3,1.71
2063,4,1.737
2063,5,1.774
2063,6,1.633
2063,7,1.583
2063,8,1.609
2063,9,1.503
2063,10,1.534
2063,11,1.51
2063,12,1.589
2064,1,1.649
2064,2,1.606
2064,3,1.763
2064,4,1.841
2064,5,1.738
2064,6,1.731
2064,7,1.592
2064,8,1.583
2064,9,1.565
2064,10,1.593
2064,11,1.571
2064,12,1.566
2065,1,1.737
2065,2,1.656
2065,3,1.648
2065,4,1.765
2065,5,1.811
2065,6,1.758
2065,7,1.76
2065,8,1.615
2065,9,1.648
2065,10,1.588
2065,11,1.502
2065,12,1.616
2066,1,1.653
2066,2,1.753
2066,3,1.776
2066,4,1.79
2066,5,1.74
2066,6,1.73
2066,7,1.641
2066,8,1.584
2066,9,1.582
2066,10,1.603
2066,11,1.701
2066,12,1.648
2067,1,1.729
2067,2,1.807
2067,3,1.719
2067,4,1.741
2067,5,1.855
2067,6,1.798
2067,7,1.751
2067,8,1.604
2067,9,1.588
2067,10,1.627
2067,11,1.555
2067,12,1.612
2068,1,1.88
2068,2,1.896
2068,3,1.743
2068,4,1.77
2068,5,1.786
2068,6,1.746
2068,7,1.619
2068,8,1.725
2068,9,1.592
2068,10,1.593
2068,11,1.704
2068,12,1.67
2069,1,1.779
2069,2,1.686
2069,3,1.787
2069,4,1.823
2069,5,1.841
2069,6,1.813
2069,7,1.693
2069,8,1.642
2069,9,1.614
2069,10,1.616
2069,11,1.688
2069,12,1.665
2070,1,1.801
2070,2,1.839
2070,3,1.809
2070,4,1.928
2070,5,1.898
2070,6,1.863
2070,7,1.777
2070,8,1.641
2070,9,1.714
2070,10,1.637
2070,11,1.649
2070,12,1.667
2071,1,1.742
2071,2,1.831
2071,3,1.906
2071,4,1.853
2071,5,1.835
2071,6,1.887
2071,7,1.632
2071,8,1.759
2071,9,1.648
2071,10,1.716
2071,11,1.77
2071,12,1.779
2072,1,1.886
2072,2,1.831
2072,3,1.864
2072,4,1.905
2072,5,1.992
2072,6,1.869
2072,7,1.815
2072,8,1.754
2072,9,1.654
2072,10,1.705
2072,11,1.771
2072,12,1.747
2073,1,1.823
2073,2,1.903
2073,3,1.989
2073,4,1.945
2073,5,1.892
2073,6,1.905
2073,7,1.881
2073,8,1.728
2073,9,1.808
2073,10,1.616
2073,11,1.784
2073,12,1.823
2074,1,1.852
2074,2,1.904
2074,3,1.933
2074,4,1.999
2074,5,1.936
2074,6,1.837
2074,7,1.852
2074,8,1.746
2074,9,1.691
2074,10,1.817
2074,11,1.776
2074,12,1.776
2075,1,1.953
2075,2,1.949
2075,3,1.936
2075,4,1.927
2075,5,1.954
2075,6,1.964
2075,7,1.815
2075,8,1.813
2075,9,1.74
2075,10,1.805
2075,11,1.806
2075,12,1.793
2076,1,1.893
2076,2,1.999
2076,3,1.99
2076,4,2.105
2076,5,2.018
2076,6,1.896
2076,7,1.815
2076,8,1.921
2076,9,1.758
2076,10,1.811
2076,11,1.767
2076,12,1.83
2077,1,1.943
2077,2,1.913
2077,3,2.023
2077,4,2.104
2077,5,1.988
2077,6,1.874
2077,7,1.915
2077,8,1.84
2077,9,1.819
2077,10,1.812
2077,11,1.79
2077,12,1.969
2078,1,1.993
2078,2,1.895
2078,3,1.951
2078,4,2.012
2078,5,2.006
2078,6,1.943
2078,7,1.862
2078,8,1.838
2078,9,1.849
2078,10,1.818
2078,11,1.767
2078,12,1.835
2079,1,2.002
2079,2,1.905
2079,3,2.059
2079,4,2.049
2079,5,2.046
2079,6,1.927
2079,7,2.01
2079,8,1.885
2079,9,1.879
2079,10,1.887
2079,11,1.912
2079,12,1.848
2080,1,2.057
2080,2,2.081
2080,3,2.081
2080,4,2.03
2080,5,2.088
2080,6,2.103
2080,7,1.894
2080,8,1.928
2080,9,1.82
2080,10,1.836
2080,11,1.865
2080,12,1.951
2081,1,1.953
2081,2,2.001
2081,3,2.081
2081,4,2.022
2081,5,2.094
2081,6,2.111
2081,7,1.926
2081,8,1.94
2081,9,1.902
2081,10,1.937
2081,11,1.984
2081,12,1.941
2082,1,2.077
2082,2,2.114
2082,3,2.002
2082,4,2.004
2082,5,2.123
2082,6,2.066
2082,7,2.057
2082,8,1.956
2082,9,1.928
2082,10,1.967
2082,11,2.038
2082,12,1.945
2083,1,2.015
2083,2,2.066
2083,3,2.033
2083,4,2.195
2083,5,2.032
2083,6,2.054
2083,7,2.062
2083,8,2.037
2083,9,1.897
2083,10,1.919
2083,11,1.994
2083,12,1.993
2084,1,2.009
2084,2,2.065
2084,3,2.165
2084,4,2.136
2084,5,2.096
2084,6,2.164
2084,7,2.028
2084,8,2.02
2084,9,2.015
2084,10,1.898
2084,11,1.996
2084,12,2.018
2085,1,2.059
2085,2,2.039
2085,3,2.033
2085,4,2.132
2085,5,2.236
2085,6,2.097
2085,7,2.164
2085,8,2.064
2085,9,2.01
2085,10,1.997
2085,11,2.014
2085,12,1.987
2086,1,2.077
2086,2,2.183
2086,3,2.159
2086,4,2.241
2086,5,2.188
2086,6,2.172
2086,7,2.027
2086,8,2.116
2086,9,2.005
2086,10,1.981
2086,11,1.962
2086,12,1.974
2087,1,2.108
2087,2,2.161
2087,3,2.118
2087,4,2.217
2087,5,2.17
2087,6,2.075
2087,7,2.104
2087,8,2.065
2087,9,2.035
2087,10,1.973
2087,11,1.969
2087,12,2.093
2088,1,2.118
2088,2,2.146
2088,3,2.238
2088,4,2.156
2088,5,2.152
2088,6,2.27
2088,7,2.115
2088,8,2.091
2088,9,2.074
2088,10,1.982
2088,11,2.094
2088,12,2.013
2089,1,2.172
2089,2,2.139
2089,3,2.335
2089,4,2.27
2089,5,2.218
2089,6,2.204
2089,7,2.19
2089,8,2.144
2089,9,2.031
2089,10,2.016
2089,11,2.107
2089,12,1.979
2090,1,2.239
2090,2,2.256
2090,3,2.235
2090,4,2.294
2090,5,2.28
2090,6,2.26
2090,7,2.125
2090,8,2.079
2090,9,2.037
2090,10,2.144
2090,11,2.06
2090,12,2.113
2091,1,2.225
2091,2,2.174
2091,3,2.25
2091,4,2.255
2091,5,2.278
2091,6,2.213
2091,7,2.067
2091,8,2.097
2091,9,2.17
2091,10,2.101
2091,11,2.086
2091,12,2.149
2092,1,2.14
2092,2,2.26
2092,3,2.301
2092,4,2.262
2092,5,2.218
2092,6,2.285
2092,7,2.243
2092,8,2.17
2092,9,2.115
2092,10,2.146
2092,11,2.173
2092,12,2.18
2093,1,2.203
2093,2,2.222
2093,3,2.306
2093,4,2.329
2093,5,2.384
2093,6,2.269
2093,7,2.224
2093,8,2.141
2093,9,2.12
2093,10,2.216
2093,11,2.099
2093,12,2.142
2094,1,2.259
2094,2,2.357
2094,3,2.436
2094,4,2.364
2094,5,2.303
2094,6,2.265
2094,7,2.244
2094,8,2.126
2094,9,2.195
2094,10,2.173
2094,11,2.162
2094,12,2.215
2095,1,2.207
2095,2,2.375
2095,3,2.427
2095,4,2.38
2095,5,2.361
2095,6,2.403
2095,7,2.279
2095,8,2.187
2095,9,2.2
2095,10,2.173
2095,11,2.153
2095,12,2.277
2096,1,2.222
2096,2,2.297
2096,3,2.414
2096,4,2.337
2096,5,2.369
2096,6,2.295
2096,7,2.201
2096,8,2.326
2096,9,2.212
2096,10,2.337
2096,11,2.233
2096,12,2.254
2097,1,2.256
2097,2,2.408
2097,3,2.373
2097,4,2.347
2097,5,2.356
2097,6,2.378
2097,7,2.361
2097,8,2.242
2097,9,2.187
2097,10,2.266
2097,11,2.153
2097,12,2.27
2098,1,2.301
2098,2,2.302
2098,3,2.354
2098,4,2.52
2098,5,2.431
2098,6,2.321
2098,7,2.247
2098,8,2.321
2098,9,2.209
2098,10,2.211
2098,11,2.286
2098,12,2.276
2099,1,2.412
2099,2,2.347
2099,3,2.426
2099,4,2.518
2099,5,2.395
2099,6,2.326
2099,7,2.379
2099,8,2.387
2099,9,2.347
2099,10,2.171
2099,11,2.207
2099,12,2.28
2100,1,2.432
2100,2,2.425
2100,3,2.388
2100,4,2.416
2100,5,2.454
2100,6,2.465
2100,7,2.411
2100,8,2.382
2100,9,2.355
2100,10,2.375
2100,11,2.265
2100,12,2.217
